trait,center,scale
p50_abs_log_scaled,1.2287601790991256,0.48232775021722357
p50_abs_sqrt_scaled,1.9022090870821053,0.4590096319495703
rd_log_scaled,0.963579388050232,0.9354543433017851
